{"cameraMode":{"drawMode":0,"name":"Shaded","section":"Shading Mode"},"sceneLighting":true,"audioPlay":false,"sceneViewState":{"showFog":true,"showMaterialUpdate":false,"showSkybox":true,"showFlares":true,"showImageEffects":true,"showParticleSystems":true},"in2DMode":false,"pivot":{"x":237.63287353515626,"y":7.782060623168945,"z":237.16981506347657},"rotation":{"x":0.20114175975322724,"y":0.427948921918869,"z":-0.09536445140838623,"w":0.8763453960418701},"size":27.95633316040039,"orthographic":true}